user_id,name,email,city,age
9,Glenna Reichert,chaim_mcdermott@dana.io,Bartholomebury,21.5
4,Patricia Lebsack,julianne.oconner@kory.org,South Elvis,21.5
6,Mrs. Dennis Schulist,karley_dach@jasper.info,South Christy,21.5
5,Chelsey Dietrich,lucio_hettinger@annie.ca,Roscoeview,21.5
3,Clementine Bauch,nathan@yesenia.net,Mckenziehaven,21.5
10,Clementina Dubuque,rey.padberg@karina.biz,Lebsackbury,21.5
2,Ervin Howell,shanna@melissa.tv,Wisokyburgh,21.5
8,Nicholas Runolfsdottir V,sherwood@rosamond.me,Aliyaview,21.5
1,Leanne Graham,sincere@april.biz,Gwenborough,21.5
7,Kurtis Weissnat,telly.hoeger@billy.biz,Howemouth,21.5
5,Chelsey Dietrich,chelsey@gmail.com,Bhaktapur,21.5
2,Ervin Howell,ervin@gmail.com,Pokhara,22.0
1,Leanne Graham,leanne@gmail.com,Kathmandu,21.0
8,Nicholas Runolfsdottir,nicholas@gmail.com,Dharan,25.0
4,Patricia Lebsack,patricia@gmail.com,Lalitpur,19.0
