id,title,description,publishedAt,sourceCountry,url
a1687af228adc0065bee4d9c00d0f145,"Despite Iran tensions, King Charles III will follow his mother's lead in celebrating US-UK bonds","LONDON — The challenge for King Charles III when he embarks on next week's state visit to the U.S. is, as always, to live up to his mother's example.",2026-04-26T01:53:00Z,ph,https://www.manilatimes.net/2026/04/26/news/despite-iran-tensions-king-charles-iii-will-follow-his-mothers-lead-in-celebrating-us-uk-bonds/2328687
7ff566d28aab8533fbcecbe836d29574,Ultra-fit Travis Sanheim serves as role model to Flyers’ youngsters,Philadelphia Flyers veteran defenseman Travis Sanheim is a leader by example for his teammates,2026-04-25T19:00:38Z,us,https://www.readingeagle.com/2026/04/25/flyers-wayne-fish/
d3e1daa3d21fb5fae1f4a7d50493231e,From Medical Rejection to Rank 1: Ira Singhal’s Historic Comeback,"Ira Singhal, once declared “unfit” due to scoliosis, overcame rejection and legal battles to achieve All India Rank 1 in UPSC 2014. Her journey stands as a powerful example of resilience, determination, and breaking barriers in public service., Education, Times Now",2026-04-25T17:09:39Z,in,https://www.timesnownews.com/education/upsc-success-story-from-medical-rejection-to-rank-1-ira-singhals-historic-comeback-article-154168390
cc9027c19bce5daf0f5b18a26300bb20,"Despite Iran tensions, King Charles III will follow his mother’s lead in celebrating US","LONDON (AP) — The challenge for King Charles III when he embarks on next week's state visit to the U.S. is, as always, to live up to his mother’s example.",2026-04-25T16:25:33Z,us,https://wtop.com/world/2026/04/despite-iran-tensions-king-charles-iii-will-follow-his-mothers-lead-in-celebrating-us-uk-bonds/
e6e90f507691a11438931c0967cd8a50,Punjab pull off record chase against Delhi despite KL Rahul's century,"Punjab captain Shreyas Iyer was left searching for answers after his side chased down a record 265-run target with seven balls to spare there. ""I'm running out of words, honestly speaking,"" said Iyer, who led by example with an unbeaten 71.",2026-04-25T16:09:11Z,in,https://www.cnbctv18.com/sports/punjab-pull-off-record-chase-against-delhi-despite-kl-rahuls-century-19893374.htm
600f38f5b8d704012f8e20c5e3b517aa,Magnet with near-zero external field could reshape future electronics,"An international research team led by DTU has developed a new magnetic material that features a stable internal magnetic structure, almost no external magnetic field, and retains these properties above room temperature. These characteristics may be important for future generations of electronic technologies, for example, within fields where magnetic properties are used instead of electrical charge to process information—so-called spintronics. The results have been published in the journal Nature Chemistry.",2026-04-25T14:00:01Z,gb,https://phys.org/news/2026-04-magnet-external-field-reshape-future.html
a0b4e7ac59ff98ab43a9398527a5d791,Tim Cook built Apple into a $4 trillion company. Then his greatest strength became his biggest liability,The instincts that make a CEO great are often the same that eventually hold them back. Cook's departure is the most public example in corporate history.,2026-04-25T13:30:00Z,us,https://fortune.com/2026/04/25/leadership-tim-cook-apple-ceo-identity-leadership-outgrow-success/
c6417b7d0bfcb7995733b8672d2e81a1,Tim Cook built Apple into a $4 trillion company. Then his greatest strength became his biggest liability,The instincts that make a CEO great are often the same that eventually hold them back. Cook's departure is the most public example in corporate history.,2026-04-25T13:30:00Z,us,https://www.newsbreak.com/fortune-561435/4612858642728-tim-cook-built-apple-into-a-4-trillion-company-then-his-greatest-strength-became-his-biggest-liability
abba7117ed0f2e591655f4c6d17b1252,King Charles' visit to U.S. follows Queen Elizabeth II's lead,"The challenge for King Charles III when he embarks on next week’s state visit to the U.S. is, as always, to live up to his mother’s example.",2026-04-25T12:12:59Z,ca,https://www.cp24.com/news/world/2026/04/25/despite-iran-tensions-king-charles-iii-will-follow-his-mothers-lead-in-celebrating-us-uk-bonds/
e5308df0fde0d72c39224587cb0a95ee,Disney+'s 3-Part Sci-Fi Show That's Designed To Be Binged Shows Star Wars How It's Done,"Discover how Star Wars: Visions, an animated anthology series on Disney+, has become a shining example of non-canon success, proving the potential of Legends stories and 2D animation in the franchise.",2026-04-26T15:31:19Z,us,https://screenrant.com/star-wars-visions-disney-plus-not-canon-good/
06b83f697ec8fb59beeb6da8498b24d2,From 4 to 85 cows: How a Kathunangal farmer cracked the dairy code,"At a time when many farmers hesitate to move beyond traditional crops, the dairy farm at Kathunangal stands as an example of how technology, planning and persistence can turn diversification into a sustainable rural enterprise.",2026-04-26T15:27:06Z,in,https://www.tribuneindia.com/news/amritsar/from-4-to-85-cows-how-a-kathunangal-farmer-cracked-the-dairy-code/
cf59cf88ea9d01806cebd9e8e0991f68,Punjab news: How a Kathunangal farmer cracked the dairy code,"At a time when many farmers hesitate to move beyond traditional crops, the dairy farm at Kathunangal stands as an example of how technology, planning and persistence can turn diversification into a sustainable rural enterprise.",2026-04-26T15:27:06Z,in,https://www.tribuneindia.com/news/amritsar/how-a-kathunangal-farmer-cracked-the-dairy-code/
8b0086cf147f71d96e5f441bd52a33e0,This Tesla Model Y Feature Got One Unlucky Driver Pulled Over,"Steven, a Model Y owner from Indiana, and this pulling over story is a prime example of how brave new automotive design can easily confuse people.",2026-04-26T12:45:00Z,us,https://www.slashgear.com/2153429/tesla-model-y-juniper-stock-tail-light-cop-thinks-not-working/
2d50d9860e050ab8f49441fbb2ecf332,"Clair Obscur: Expedition 33 is a ""great example"" of a subscription service like Xbox Game Pass likely helping sales, analyst says",As the RPG surges passed 8 million in sales,2026-04-26T11:53:51Z,us,https://www.gamesradar.com/games/rpg/clair-obscur-expedition-33-is-a-great-example-of-a-subscription-service-like-xbox-game-pass-likely-helping-sales-analyst-says/
3a150f283fa17069a9c7efa7d4559018,Howie Carr: The Karen Read saga shed a light on Massachusetts State Police misconduct,"As we learn more about two other MSP cases of massive corruption and/or incompetence, it seems that the failed lynching of Karen Read may not even be the worst recent example of police abuse.",2026-04-26T09:46:56Z,us,https://www.bostonherald.com/2026/04/26/howie-carr-the-karen-read-saga-shed-a-light-on-massachusetts-state-police-misconduct/
00c2078c49e6e68f7f5024c98ce0892b,How Can The Global South Defend Its Digital Sovereignty From Western Neocolonialism,"Iran has given the world an example of how a country can resist Western encroachment on its sovereignty in the digital space, Argentinian foreign relations expert Tadeo Casteglione tells Sputnik.",2026-04-26T08:51:00Z,ru,https://sputnikglobe.com/20260426/how-can-the-global-south-defend-its-digital-sovereignty-from-western-teocolonialism-1124042748.html
444d815c351e5fe009680dccf8d8a28b,Interesting facts about cows: 10 surprising signs they’re smarter than you think,"Cows are frequently overlooked as just passive grazers in the fields of the countryside; however, they are far more than they seem due to their complex intelligence and physiological structures and systems, which enable them to survive under various conditions. For example, they have specialised teeth to handle tougher fibrous plant materials, and they have formed complex social systems, including long-term bonds of friendship as well as the capability of holding grudges. Cows have highly developed senses which govern their lives, including an acute sense of smell and a range of hearing far greater than that of humans, allowing them to react to changes in their environment long before humans are able to detect them. When we understand these differences, we realise that cows are more than agricultural animals; they are intelligent, socially complex, and biologically interesting.",2026-04-26T08:50:35Z,in,https://timesofindia.indiatimes.com/etimes/animals/interesting-facts-about-cows-10-surprising-signs-theyre-smarter-than-you-think/photostory/130528840.cms
bd5dadf70f5a8311aa8cca621d5636f8,A Grip on Sports: The Mariners get a boost from the end of the bench and the Seahawks try to build a dynasty with help from the end of the draft,"A GRIP ON SPORTS • There isn’t much more to say about the Seahawks draft. Or of the three-day extravaganza as a whole. It is just another example why the NFL dominates the American sports scene pretty much 365 days a year. Personally, the most fun to be had Saturday was watching the M’s run around the bases – and not always just jogging.",2026-04-26T08:49:25Z,us,https://www.spokesman.com/stories/2026/apr/26/a-grip-on-sports-the-mariners-get-a-boost-from-the/
e914e292794baece2d81af4e11fcd17d,‘Tonight’s shooting proves it’: WHCD attack becomes Trump’s case for $400M White House ballroom,"Speaking to reporters after being evacuated from the Washington Hilton, Trump said the shooting was a “clear example” of why the administration is pushing ahead with plans for a high-security event space at the White House.",2026-04-26T07:57:42Z,in,https://www.moneycontrol.com/world/tonight-s-shooting-proves-it-whcd-attack-becomes-trump-s-case-for-400m-white-house-ballroom-article-13899739.html
b2887826fad5c5d3a26d9c9d6b63bfde,Push for White House ballroom accelerated by Correspondents’ Dinner shooting,The Trump administration was quick to seize upon Saturday night’s shooting at the White House Correspondents’ Association annual dinner as an example of why the proposed ballroom for the East Wing is so important.,2026-04-27T01:23:52Z,us,https://www.fox4news.com/news/push-white-house-ballroom-accelerated-correspondents-dinner-shooting
387c04e242bfdb84efd08a7befcc3e9b,China’s car headlights can project movies like drive-in theaters,It is yet another example of how local carmakers are innovating on another level to get ahead in China’s hyper-competitive market. Read more at straitstimes.com.,2026-04-27T00:39:00Z,sg,https://www.straitstimes.com/world/united-states/chinas-car-headlights-can-project-movies-like-drive-in-theaters
d8568eae170c6be06d7b6d4c9de94670,White House Correspondents’ Association Dinner shooting: What we know,The White House Correspondents’ Dinner shooting is the latest example of violence stalking American politics.,2026-04-26T20:45:00Z,us,https://www.vox.com/politics/486956/white-house-correspondents-association-dinner-attack-trump-whcd
3e6e6b6443d1763831ef64cbbbe26b94,‘Shedsit’ garden cabins could become a rental black market,Housing without planning permission in back gardens is a prime example of a government accepting a populist idea without proper interrogation,2026-04-27T05:00:00Z,ie,https://www.irishtimes.com/opinion/2026/04/27/shedsit-garden-cabins-could-become-a-rental-black-market/
